plan_type,customer_id,total_paid,rank_in_plan
4G,2488,5764.640000000001,1
4G,941,5418.900000000001,2
4G,2308,5402.360000000001,3
5G,286,6099.58,1
5G,3418,4859.280000000001,2
5G,1037,4671.18,3
Postpaid,4040,4914.280000000001,1
Postpaid,3110,4820.1,2
Postpaid,4405,4738.700000000001,3
Prepaid,1339,7092.6399999999985,1
Prepaid,4783,6246.0,2
Prepaid,3548,5005.679999999999,3
