plan_type,total_rev
5G,909554.8800000001
Prepaid,885592.5799999991
Postpaid,873612.5899999996
4G,866327.6199999992
